movie,year,imdb,metascore,votes
Logan,(2017),8.1,77,561988
Wonder Woman,(2017),7.5,76,488601
Thor: Ragnarok,(2017),7.9,74,485252
Guardians of the Galaxy Vol. 2,(2017),7.7,67,484771
Dunkirk,(2017),7.9,94,467801
Star Wars: Episode VIII - The Last Jedi,(2017),7.1,85,463847
Spider-Man: Homecoming,(2017),7.5,73,428284
Get Out,(I) (2017),7.7,84,402322
Blade Runner 2049,(2017),8.0,81,377160
Baby Driver,(2017),7.6,86,365470
It,(I) (2017),7.4,69,360456
"Three Billboards Outside Ebbing, Missouri",(2017),8.2,88,345247
Justice League,(2017),6.5,45,329930
The Shape of Water,(2017),7.3,87,309061
John Wick: Chapter 2,(2017),7.5,75,293073
Coco,(I) (2017),8.4,81,278577
Jumanji: Welcome to the Jungle,(2017),7.0,58,243440
Kong: Skull Island,(2017),6.6,62,238938
Beauty and the Beast,(2017),7.2,65,238902
Kingsman: The Golden Circle,(2017),6.8,44,231486
Pirates of the Caribbean: Dead Men Tell No Tales,(2017),6.6,39,229108
Alien: Covenant,(2017),6.4,65,227446
War for the Planet of the Apes,(2017),7.5,82,202506
The Greatest Showman,(2017),7.6,48,200200
Life,(I) (2017),6.6,54,183191
The Fate of the Furious,(2017),6.7,56,180126
Murder on the Orient Express,(2017),6.5,52,178979
Lady Bird,(2017),7.4,94,178299
Ghost in the Shell,(2017),6.4,52,176797
Wind River,(2017),7.7,73,169495
King Arthur: Legend of the Sword,(2017),6.8,41,169358
The Hitman's Bodyguard,(2017),6.9,47,162102
Mother!,(2017),6.6,75,157328
The Mummy,(2017),5.5,34,154693
Call Me by Your Name,(2017),7.9,93,154541
Atomic Blonde,(2017),6.7,63,150760
Bright,(I) (2017),6.4,29,148135
"I, Tonya",(2017),7.5,77,142178
Valerian and the City of a Thousand Planets,(2017),6.5,51,140201
Baywatch,(2017),5.6,37,137987
Darkest Hour,(2017),7.4,75,136899
American Made,(2017),7.2,65,131554
Transformers: The Last Knight,(2017),5.2,27,119328
The Lego Batman Movie,(2017),7.3,75,116711
The Disaster Artist,(2017),7.4,76,112059
